{"blt4cdcbd9fd6dd915a":{"title":"COOKIE MONSTER LOVES LIVE PREVIEW","sub_title":"Because now it supports cookies!","features":[{"title":"How it improves live preview experience?","_metadata":{"uid":"csb971bd70e91b1c26"},"description":"Cookies help you personalize the user's experience by storing their information in the cookies. Previously, the Live preview did not support the cookies, meaning the websites with cookie-based authentication will forget the user as soon as we update the entry during a live preview session. Now, it will remember your user and their preferences during all the live preview sessions.","image":{"uid":"blt63cf70361f4b9cde","created_at":"2022-11-11T07:30:34.255Z","updated_at":"2022-11-11T07:30:34.255Z","created_by":"blt773ff263ca3598a0","updated_by":"blt773ff263ca3598a0","content_type":"image/png","file_size":"8473","tags":[],"filename":"Circles.png","url":"https://images.contentstack.io/v3/assets/blte71590da3d49d1fc/blt63cf70361f4b9cde/636dfa1acdb5a750d75c73ec/Circles.png","ACL":[],"is_dir":false,"parent_uid":null,"_version":1,"title":"Circles.png","publish_details":[{"environment":"blt16b069b085568366","locale":"en-us","time":"2022-11-11T08:22:27.450Z","user":"blt773ff263ca3598a0","version":1}]}},{"title":"But my website does not use cookies","_metadata":{"uid":"cs807796b46f246924"},"description":"If your page does not use cookies, the experience will remain the same. But, if you plan to use third-party scripts to track and personalize user experience in the future, you are already covered.","image":{"uid":"blt7dc58d43d47764f5","created_at":"2022-11-11T07:33:13.532Z","updated_at":"2022-11-11T07:33:13.532Z","created_by":"blt773ff263ca3598a0","updated_by":"blt773ff263ca3598a0","content_type":"image/png","file_size":"716","tags":[],"filename":"Rectangles.png","url":"https://images.contentstack.io/v3/assets/blte71590da3d49d1fc/blt7dc58d43d47764f5/636dfab9796f9a184cc02cac/Rectangles.png","ACL":[],"is_dir":false,"parent_uid":null,"_version":1,"title":"Rectangles.png","publish_details":[{"environment":"blt16b069b085568366","locale":"en-us","time":"2022-11-11T08:22:27.444Z","user":"blt773ff263ca3598a0","version":1}]}}],"fun_part":{"title":"Now comes the fun part!","quote":"Home is where heart is. Heart where cookie is. Science clear: home is cookie.","author":"Cookie monster"},"cookie_toggler":{"description":"Hover on me, and click on the edit button. Now, toggle on the button and edit me. The text should remain green. This will indicate the app is receiving the cookies."},"tags":[],"locale":"en-us","uid":"blt4cdcbd9fd6dd915a","ACL":{},"_version":7,"_in_progress":false,"footer":{"additional_links":[{"link":{"title":"Documentation","href":"https://www.contentstack.com/docs/developers/set-up-live-preview/"},"_metadata":{"uid":"csf8fbc9e6281f9f69"}},{"link":{"title":"Live preview SDK","href":"https://www.npmjs.com/package/@contentstack/live-preview-utils"},"_metadata":{"uid":"csb113e7a27de26560"}},{"link":{"title":"About Contentstack","href":"https://www.contentstack.com/"},"_metadata":{"uid":"csf87261fb7c1a375b"}}],"fun_fact":"Cookies eaten by the Cookie Monster in Sesame streets are not cookies. Those are painted rice cakes.","title":"Live preview interactive Documentation series"},"publish_details":[{"environment":"blt16b069b085568366","locale":"en-us","time":"2022-11-11T13:35:41.596Z","user":"blt773ff263ca3598a0","version":7}]}}