{"blt7dc58d43d47764f5":{"stackHeaders":{"api_key":"blte71590da3d49d1fc"},"urlPath":"/assets/blt7dc58d43d47764f5","uid":"blt7dc58d43d47764f5","content_type":"image/png","file_size":"716","tags":[],"filename":"Rectangles.png","url":"https://images.contentstack.io/v3/assets/blte71590da3d49d1fc/blt7dc58d43d47764f5/636dfab9796f9a184cc02cac/Rectangles.png","ACL":{"roles":[],"others":{"read":false,"create":false,"update":false,"delete":false,"sub_acl":{"read":false,"create":false,"update":false,"delete":false,"publish":false}}},"is_dir":false,"parent_uid":null,"_version":1,"title":"Rectangles.png","publish_details":[{"environment":"blt16b069b085568366","locale":"en-us","time":"2022-11-11T08:22:27.444Z","user":"blt773ff263ca3598a0","version":1}]},"blt63cf70361f4b9cde":{"stackHeaders":{"api_key":"blte71590da3d49d1fc"},"urlPath":"/assets/blt63cf70361f4b9cde","uid":"blt63cf70361f4b9cde","content_type":"image/png","file_size":"8473","tags":[],"filename":"Circles.png","url":"https://images.contentstack.io/v3/assets/blte71590da3d49d1fc/blt63cf70361f4b9cde/636dfa1acdb5a750d75c73ec/Circles.png","ACL":{"roles":[],"others":{"read":false,"create":false,"update":false,"delete":false,"sub_acl":{"read":false,"create":false,"update":false,"delete":false,"publish":false}}},"is_dir":false,"parent_uid":null,"_version":1,"title":"Circles.png","publish_details":[{"environment":"blt16b069b085568366","locale":"en-us","time":"2022-11-11T08:22:27.450Z","user":"blt773ff263ca3598a0","version":1}]}}